Metric,Value
Best Alpha,0.7
Best Hybrid Score,0.5702303836118784
Sparse Score,0.5839930871230656
Dense Score,0.5381174087524414
Avg Context Recall,0.0
Avg Context Precision,0.07142857142142857
